fips,weight
48397,0.38250225815713756
48381,0.2863548984769779
48309,0.19181270026699013
48287,0.09586681286586385
48027,0.04491502368527865
